WellPosition	Name	Sequence
A1	E1_Klf2_0_rev	TTCTCATTACAGTCATGTATGGCAGAC
A2	E3_Klf2_0_rev	GTGTAAGCTGAATAAACCCTTTCCTCC
A3	E4_Klf2_0_rev	GAGATGCAGAGTTTAGAGTTTACCCAG
A4	E5_Klf2_1_rev	TCACAGGGCCAGTGAATCTCAG
A5	E6_Klf2_1_rev	CTTGAATGCAAAGTCTCTCAGGTATCC
A6	P1_Klf2_0_rev	CTGAGAGAGCAGTGACAATGGC
A7	P2_Klf2_0_rev	TAAAGAAGTTGAATCCCTACAAACCGC
A8	E7_Klf2_0_rev	GAGGCTCAGCAACTTGGACTTC
A9	E8_Klf2_0_rev	CTAGCCACAGGTTCAGTAAGAAACCC
A10	E9_Klf2_0_rev	AAGTTGAGGAGGAAAGGGTTTATTTGG
A11	P3_Klf2_0_rev	GTACCTTGCGCATTGCTAAGCC
A12	E10_Klf2_0_rev	CTAAAGCAGACCTTGTTTGCCACTG
A13	E11_Klf2_0_rev	CAAGGGAGTACAAAGTTACAAGTCACG
A14	E12_Klf2_0_rev	ATTATCAAATGGTGCTGGTCTAACTGG
A15	E13_Klf2_0_rev	TATGTTCCCTTGGAAGTCAAAGTG
A16	E15_Klf2_0_rev	TCTTTCCGCACTGCATACATTCATAAG
A17	E16_Klf2_0_rev	GAAGAGAGGAAATGGGAGATAAAGGTC
A18	E17_Klf2_0_rev	GTATTCCCTCGTTTCTGTGAAAGCATC
A19	E18_Klf2_0_rev	GATAGGTGGGTGAGAGAGAAGGATG
A20	E19_Klf2_0_rev	TCCAGGAGGAGTTGTGATGAACAG
A21	E20_Klf2_0_rev	GGCTGTGGCTGAAAGTGGAG
A22	E21_Klf2_0_rev	GTTCTAGTGCTGTGTTGGTCCTG
A23	E22_Klf2_0_rev	TTGATGTTTACACTGAGAGCTAGGAAC
A24	P4_Klf2_0_rev	ATAATTTAGGGAGAGGAGCTACAGCAC
B1	P5_Klf2_0_rev	ATGCACACCTAACACAAACAAATCAAC
B2	E27_Klf2_0_rev	CTCCAGAGTGCAGCACAAGTC
B3	P7_Klf2_0_rev	AAAGCTCCTGGACAGAGTGTGAC
B4	E28_Klf2_0_rev	GGAGGTGCATAGCATAAGATGTCATC
B5	E29_Klf2_0_rev	TTTCTGTGTGTGTGGTTCTTTGAGAC
B6	E30_Klf2_0_rev	GCTGGCCACCACACATAAGTTTG
B7	P8_Klf2_0_rev	AGTCTTCTTTAAGTCTGTCAGGTCCTC
B8	E31_Klf2_0_rev	GTATGAGAAGCCGTAACAGCTACTGTG
B9	E32_Klf2_0_rev	ACTAAGCAAGTATCCCACCATTCAATG
B10	E33_Klf2_0_rev	CCATGTTCTTAGTTCTCCTGGTAACCC
B11	E34_Klf2_0_rev	TCAATTGCAGTTTGCTCAAAGTTCATC
B12	P9_Klf2_0_rev	CGCATCATCCAGGCCTACGC
B13	E35_Klf2_0_rev	CTACAGAAGGCACAGGTGAAAGAATG
B14	E36_Klf2_0_rev	ACACACACACACTCTCACTAGGATG
B15	P10_Klf2_0_rev	AGGATGTAGGATGCATACCTTGGAC
B16	E37_Klf2_0_rev	AAAGATCTTCTCTATGGCTCCTCAGTC
B17	E38_Klf2_0_rev	CATTGTGAATAGCTGTGGAGAATACCC
B18	E39_Klf2_0_rev	CAGTATGTGTGTAGCCCTGTTTCTAAC
B19	E40_Klf2_0_rev	CCTCCTTCCTTTCTTCCTTTCTTTCAC
B20	P11_Klf2_0_rev	GAATGGCTTCTCTGTGACCTCTCAC
B21	P12_Klf2_0_rev	TCACAGTCACAGATATTCCTCTAAGCAG
B22	E41_Klf2_0_rev	CCGACTCTCTTTCTTGCTTCTTGATG
B23	P13_Klf2_0_rev	GAACTCCGCCACACTTCCTG
B24	P14_Klf2_0_rev	CTTTGGAAGGTCTCGGCAGTAG
C1	E42_Klf2_0_rev	TGTACTTGGCTATGGAAGTGAGGTATG
C2	E43_Klf2_0_rev	CAGTAGTTAAGATGACTATTCTTGCAGGG
C3	E44_Klf2_0_rev	ACAAACTGTAGCAATTCAGTGGTTTGC
C4	E45_Klf2_0_rev	CTAGCTCTCCCTCCTGTGCAG
C5	E46_Klf2_0_rev	TAGAGAGATGCATCGGTAGATAAGCTC
C6	E47_Klf2_0_rev	TGAGGCAGGAAGATTACAAGATCCATC
C7	E48_Klf2_0_rev	GTTTCCTACTCAGAACAGCTTTCTCAG
C8	E49_Klf2_0_rev	ACTGTGGTGGCTCAGAGACAAG
C9	E50_Klf2_0_rev	AGATGGTTTCTGTCCTGCTCATCAC
C10	E51_Klf2_0_rev	TGCATGTGTGTCTGCATGTACAG
C11	E52_Klf2_0_rev	CTACACTCAGGGACATCCTAAGGTAC
C12	E53_Klf2_0_rev	GTGGTGTGTGTATGTGTGGTGG
C13	E55_Klf2_0_rev	TCTCTCTCTCTCTCTTTCTTTCTTTCTGG
C14	E56_Klf2_0_rev	ATGAATGCACTCGTGTGAATACATACC
C15	E57_Klf2_0_rev	TTTCCAGCTTCAGTCCTGCCC
C16	E58_Klf2_0_rev	AAGGATGTTTCAAACTAAGCCTGACAG
C17	P16_Klf2_0_rev	CGGCAAGATAGGCTCGCTGAG
C18	E60_Klf2_0_rev	AAGCCTAAAGACCTGAGCTCTATCTC
C19	E61_Klf2_0_rev	CTGTCTTTGTCATGTCAACTGCACTAG
C20	E62_Klf2_0_rev	CAGAAGGTGGCAGGTTCAGAATAAAC
C21	E63_Klf2_0_rev	TAATTGCTCGTGGGTAGGGAATGAAAC
C22	E64_Klf2_0_rev	CAGTTGATTGCTTTCAGACACATGC
C23	E65_Klf2_0_rev	ACAGTGACAAACATATACAGAGGCATG
C24	E66_Klf2_0_rev	CGCTATCTTTAGAACACAGTCCATTCC
D1	E67_Klf2_0_rev	TAAATGAAGACTAGACTGCCCTTGGG
D2	E68_Klf2_0_rev	CATTCAGCAGAAGGTCAGTAAAGGC
D3	E69_Klf2_0_rev	TATCATCCCAGGACTCAGAAGGCTAAG
D4	E70_Klf2_0_rev	CCCAGATGACTCCTACCTCCTTATAGG
D5	P17_Klf2_0_rev	CTAAACTTACGAGGCTCCGAACCTTC
D6	E71_Klf2_0_rev	CTACAAACACATGAGATCTGACTCTGC
D7	E72_Klf2_0_rev	GATGGCACCACCCACAATGG
D8	E73_Klf2_0_rev	TCAGCCTGGATAGCCACCAATATTAC
D9	P18_Klf2_0_rev	GCTCTCCAGATGAGGAACCTCTG
D10	E74_Klf2_0_rev	CTCAGAAGCAGATCACTTGTCCAAC
D11	E75_Klf2_0_rev	ATACATTCAGGCAAAGCACAGATACAC
D12	E76_Klf2_0_rev	TGTTCTCACACAGTTTCCACATTTGG
D13	P19_Klf2_0_rev	AATTCTTACCCAGAAGGAGCATATCGG
D14	E77_Klf2_0_rev	ATAATGTCACCCATATCCTTGGCTTTG
D15	E78_Klf2_0_rev	AGGAAGAAGAGTGATGAAGGACAAAGG
D16	E79_Klf2_0_rev	CAGTCCACTGCCTACATCTATAGCTC
D17	E80_Klf2_1_rev	GGAGCCAGAAGATTAGAACAGATTGC
D18	E81_Klf2_0_rev	ACTTTCCTACTGCAGTACTTCTGAGAG
D19	P21_Klf2_0_rev	CTGGTTTCTAAACGCAGGAGGC
D20	E82_Klf2_0_rev	CAAGGCCCAATGTTTACTAAGAGTCTG
D21	E83_Klf2_0_rev	ATTCCACAACACTGCTGATCTCTTAAC
D22	P22_Klf2_0_rev	CAATTTCTGTAGCCCGGAATCCATAG
D23	P23_Klf2_0_rev	GAATGCTCCCTCGCCACTGAG
D24	E84_Klf2_0_rev	CCAAGACTACAGAGAAACCCTGTCTC
E1	E85_Klf2_0_rev	CTGGTTCCTTCAAACTCCCTCCTC
E2	E87_Klf2_0_rev	GGCAGTTCTCACCTGTCTATAATTCC
E3	E88_Klf2_0_rev	GGATATTCATAGACAGAGAAGAGGAGGG
E4	E89_Klf2_0_rev	TGGTTTATAGTTTACTAGGCTCCAGGG
E5	P24_Klf2_0_rev	GTCATTTGGAAGTCTCTAGGAGAAGC
E6	E91_Klf2_0_rev	CGAGCTACACTCTCAAGTCTTGTTTAC
E7	E92_Klf2_0_rev	GAAACACAGGGAGACAAAGGGTAC
E8	E93_Klf2_0_rev	AACTCAACATGATTGTTAGGCCTTTGG
E9	E94_Klf2_0_rev	TGAAGGGCTTGCCATAGACTCATGAG
E10	E95_Klf2_0_rev	AGTCTTTACTAAGTAGCCAGGTGGAAG
E11	E96_Klf2_0_rev	CCCATCCCTCCCTGAATTAAGAACTAG
E12	E97_Klf2_9_rev	CGACCCTGAGCTTGGAATTCACTAAG
E13	E98_Klf2_0_rev	CAGGGCCACAAGATAAGAGAGAAATG
E14	E99_Klf2_0_rev	TTTGGTTGAATGGAGCTTGCTCG
E15	E101_Klf2_0_rev	GCTAAGCAGCTGTATGTAATGAGAGG
E16	E102_Klf2_0_rev	TTCCCTACTAAGCAAGAGGTGACAC
E17	P25_Klf2_0_rev	GTTGGAAGTCAGAGCCGCTTC
E18	E103_Klf2_0_rev	TTTAAACACCAGAGCCTTCAAGTTAGG
E19	E104_Klf2_0_rev	TGACAGGAGATGGAGGTGAGAATCTG
E20	E105_Klf2_0_rev	AAACAATGATTCCAGCATTCAGGAAGC
E21	E106_Klf2_0_rev	TAACACCCTGAATGGATATCAGTACCC
E22	E107_Klf2_0_rev	AGATACTGGGAGAAACAAGAGCATCAC
E23	E108_Klf2_0_rev	TGGTGTCTTTGGAAACTCAGTTATGTC
E24	E109_Klf2_0_rev	GTGACAACTTCTTCTGCACACTCTC
F1	E110_Klf2_0_rev	TCCCTCTCCTATCTCTCTGTACTTAGC
F2	E111_Klf2_0_rev	GGACAGAGTGTGGGTCTCCC
F3	E112_Klf2_0_rev	CCATGCTGAACTCTCTGTAAACCAAG
F4	P26_Klf2_0_rev	ATGCTGCCAGGATCAGAAGCTTTC
H1	P1_Nanog_0_rev	GGTCGCCTTTCTACCAATGAGG
H2	E1_Nanog_0_rev	ACTGTTTGACTGACAACCAAGTTAAGG
H3	E2_Nanog_0_rev	GTAGTTTGTCTAGATCTTGTGATATATATAAGGTC
H4	P2_Nanog_0_rev	TCCCAGCTATTATCACAAGGTAACACC
H5	E4_Nanog_0_rev	TGTTCTTTGATATTGAATACTGTTGAGGC
H6	E5_Nanog_0_rev	GGATTCCATTCCCTTACCTTCTGTTTG
H7	E6_Nanog_0_rev	GTCTGTCTTGCTCCTTGTCATGTC
H8	E7_Nanog_0_rev	AGGCTGAAGACTAAGCTTTGATTCAAC
H9	E8_Nanog_0_rev	GAGTTCTAGCTCTGAGGTAGTGAGAAC
H10	E9_Nanog_0_rev	CAGAGTCACCACCTGCATTAGAATAAG
H11	E11_Nanog_0_rev	CTGTGAGAGTACAGCACCTGCAG
H12	E12_Nanog_0_rev	TTATCTGTGTGCGTGGAACTATATTTCC
H13	E13_Nanog_0_rev	CTGTGATTTCTTCTTCAGCCATGTAGG
H14	P3_Nanog_0_rev	CCTAAATTGGAAGCATACGGGACTTC
H15	E14_Nanog_0_rev	TTTCCAGAATATCTCTCCAGGAAGAGC
H16	E15_Nanog_0_rev	GTAGAATGGCTTGTGTAGGTGAACATG
H17	E16_Nanog_0_rev	TCCTTTCCCTGTGTACTCCTTACTG
H18	E17_Nanog_0_rev	ATCTTTGAGACACTCCTCCTAGCTG
H19	E19_Nanog_0_rev	GAGGTAAAGGCAGGAAGATTTGAGTTC
H20	E20_Nanog_0_rev	AGACACTGTCTCAGGGAATAAGGC
H21	E21_Nanog_0_rev	CTTCTGTGAATGAGATGGAGATTTGGG
H22	E22_Nanog_0_rev	TTTCTGTTTCTGCTTGTTGCTTTCTTC
H23	E23_Nanog_0_rev	CTGCCAGCCACCATAACTCC
H24	E24_Nanog_0_rev	GGTACCACAGTCGGCGGAAG
I1	E26_Nanog_0_rev	CAAATCTCTGCCTTCTGGTGAGG
I2	E27_Nanog_0_rev	TATCATTCCGTTAATCCGAGATTCTGC
I3	P4_Nanog_0_rev	TAAGGGAGGAATTTGTAATGGTGCAAC
I4	P5_Nanog_0_rev	TCTTCTTGCACCTGGAAATCTGAAC
I5	E28_Nanog_0_rev	CTTTGGCTACTGTGTTTCATCGGG
I6	E29_Nanog_0_rev	CTCTGACTGTCACGACCATCATTCTAC
I7	E30_Nanog_0_rev	TCTTGTTCCTTTGGTATTTGCTGAGTC
I8	E31_Nanog_0_rev	GGTTAAATCCCTCGGCTTTCTGG
I9	E32_Nanog_0_rev	CTGATGTGTGCTTAGTTTACAGGAAGC
I10	E33_Nanog_0_rev	CATTGTCCTGGTGTCTGCCTG
I11	E34_Nanog_0_rev	ACACACACACACACACTGGAATTTG
I12	P6_Nanog_0_rev	CCTCAAAGTCTTAGGCCAAAGGAAG
I13	E36_Nanog_0_rev	CTTTCATGGCAAGCGCTGTTC
I14	E37_Nanog_0_rev	GCCATCACTCCCAGCATAAAGATAATTC
I15	E38_Nanog_0_rev	GAAAGTGAGCCTTAGAGGGAAAGAATAG
I16	E39_Nanog_0_rev	CATTATCACTACTACAGAGAGAGCATTGG
I17	E40_Nanog_0_rev	TTTGAGCACAGTTTCTTGACTTTAGTC
I18	E41_Nanog_0_rev	CACTCCTGTAATGTCAGCAATTGTGAG
I19	E42_Nanog_0_rev	TGAGTGAGTGGTGGTGGTAAAGG
I20	E43_Nanog_0_rev	AAACCCATAATATTCTCACCGGGTCAC
I21	E45_Nanog_0_rev	AGAAATGGGAGAGACTGGATCTGATAC
I22	P7_Nanog_0_rev	AGGGAACATTTGCTTCTGGTTCTG
I23	E46_Nanog_0_rev	AAGGCCTGCCCTGTACCATATTATATC
I24	E48_Nanog_0_rev	TACAGACCAATGGTGTTAATCTAAGGC
J1	P8_Nanog_0_rev	ACCCACTCACAGGCATAATAAACAAAC
J2	E49_Nanog_0_rev	CAGAGAAGGTAGTACAGGAGTCAGAG
J3	E50_Nanog_0_rev	AGAGACAGGAGGATTTCTGAGTTTGAG
J4	E51_Nanog_0_rev	ATCATAGGAGTGCAGCAATATGGGATC
J5	P9_Nanog_0_rev	CAAGACCCAATTAGCAGTCAGTCTGTG
J6	E52_Nanog_0_rev	GTGATTGAGAGTTTGGATCTAGCCTAG
J7	E53_Nanog_0_rev	TGCCAAGGTGTCATATCTAGTCAAGAC
J8	E54_Nanog_0_rev	CTGTAACAGTACGAGGATGAGGTGTTC
J9	E55_Nanog_0_rev	GTTCAAGACCTGGGAGTGGTG
J10	E57_Nanog_0_rev	CTCCTTCTTGGCCTTTCTCAAGC
J11	E59_Nanog_0_rev	AAATATCCTCGTCACCCTAACTCACAG
J12	E60_Nanog_0_rev	TTACTCATCTCTATAGCACAGTCCCTG
J13	E61_Nanog_0_rev	CCTTCTGTGAGTGTGACTCTCTAATCC
J14	E62_Nanog_9_rev	ACTTACTTTAAGTCTATTGTGGGTTCC
J15	E63_Nanog_0_rev	GTCACAGACCTCTACGATGCATTCAG
J16	E64_Nanog_0_rev	CTTGTTTCTAGCGAGTGGATTGTCTC
J17	E65_Nanog_0_rev	CAAAGAGTCCAGAAGAAAGGCTAAAGG
J18	E66_Nanog_0_rev	CTTGATTTGTAACACTGGCTGTCCTG
J19	E67_Nanog_0_rev	CTGGAAGAGGACGCTGGATCC
J20	E68_Nanog_0_rev	TGACATGCTCAAGATGCACAGAAATAC
J21	E70_Nanog_0_rev	TTAAAGGCGTGCACCACCAC
J22	E71_Nanog_0_rev	CTCTCCATTCAACTCTTCCTCCTTCTC
J23	E72_Nanog_0_rev	ATGAGTATACTGTAGCTGTTTCCCAGG
J24	E73_Nanog_0_rev	GTCAAAGGAGTCTGCTTAGGAGAC
K1	E74_Nanog_0_rev	GGATACAAAGCCCAGCAAACTACC
K2	P10_Nanog_0_rev	CTCAAGCCTCCTACCCTACCC
K3	E75_Nanog_0_rev	AATTCTGTTGTGAATAAACCCAGTCGG
K4	E76_Nanog_0_rev	ATCCCTTTCTCCTCTTTGAGCTCTATC
K5	E79_Nanog_0_rev	TTGTAGAGCATACATGTAACCCAAAGC
K6	E80_Nanog_0_rev	TGCATTGTCACTTTGCTCTGGG
K7	E81_Nanog_0_rev	TAAGTAGGACTGGGACTTTAAGATGCC
K8	E82_Nanog_0_rev	TGCCCGCCCTCCAAACTTTG
K9	E83_Nanog_0_rev	CATCAGTCTAGATCTCTGCCCAGAAAG
K10	E84_Nanog_0_rev	GGACTGATAGAAATGTAAAGCACGGG
K11	E85_Nanog_0_rev	GGTACAAACACACACATTCACTTC
K12	E86_Nanog_0_rev	TTGCATCTCTCGGCAACATAACAAG
K13	E87_Nanog_0_rev	TCCTGGAACTCACTTTGTAGACCAG
K14	E88_Nanog_0_rev	GTCCCTTAACCCTCCTCACCAG
K15	E89_Nanog_0_rev	CTTGAACCTACAGCTTTGAACACTCC
K16	E90_Nanog_0_rev	CATTGAAGGGAGAACAATCAAGGGTTG
K17	E91_Nanog_0_rev	CAAACAGCCTGGTTTCTATTCAGAGAG
K18	E92_Nanog_0_rev	TTTAGAATGTGGCTCAGTCACTGATG
K19	E93_Nanog_0_rev	GCTCTTAACCACTGAGCCATCTCTC
K20	E94_Nanog_0_rev	GGAGACTTCTGCTCTCAGTTCTCTTAG
K21	E95_Nanog_0_rev	CACGGACGAGTCTCTAGATTCAGTC
K22	E96_Nanog_0_rev	GAAGTCTTTGTAAGTGAGGACGGAAAC
K23	E97_Nanog_0_rev	CTTGTTACAGAGAAACCGCATCTCG
K24	E98_Nanog_0_rev	GCAGCACAGACTGTACAAAGTTGTAAC
L1	E99_Nanog_0_rev	TCTAAACTATGTAGAGAACCGAGGCTC
L2	E100_Nanog_0_rev	GAGTCGAAGGAGGAGGAGGG
L3	E101_Nanog_0_rev	TACAGAAGTTTGAGGTTGCAGGGATTC
L4	E102_Nanog_0_rev	CACACAGAGATCACAACATATACACGG
L5	E103_Nanog_0_rev	TCTCACTGAGAGTCATCTTCTTAGCTG
L6	E104_Nanog_0_rev	CCAGACAAGGATCATTCAAAGTCATCC
L7	E105_Nanog_0_rev	GAAGAGCTAACTTGTGTCCAACCTG
L8	E106_Nanog_0_rev	TTTGATATGGCAGTGCATACCCAAC
L9	E107_Nanog_0_rev	CTAATTCTAAGTAAACCCAGTGGCAGG
L10	E108_Nanog_0_rev	GGAACTCAGTTGCTCTTACATTGGAATG
L11	P14_Nanog_0_rev	CCATTCTATGGGACTGGAGAGATGG
L12	E110_Nanog_0_rev	ATGACCAACCTGAGAAACAAAGTAACG
L13	E111_Nanog_0_rev	CACAAGGGTTCTAGGAACCACACTC
L14	E112_Nanog_0_rev	CTACATAGTGAGTACCAGGATAGCCAG
L15	E113_Nanog_0_rev	GGGTAGTAACGAAGCAGACAATATTACAG
L16	E114_Nanog_0_rev	CATGCTAGTCTGTTCAAGGTTCAAATG
L17	P16_Nanog_0_rev	CATTTCCACACACAAACGTGATTTCTG
L18	P17_Nanog_0_rev	CAGGATAAGGTGCAGAGACACTTAATG
L19	E116_Nanog_0_rev	TTATAAGTGCTCTGACATGGCTAAAGC
L20	E117_Nanog_0_rev	AGGTGGCTGGGTTACTGAGATG
L21	E118_Nanog_0_rev	CTAAGCCATCTCTCCAGCCCTG
L22	P18_Nanog_0_rev	GCATTAGAGAAGTCAAACTCCCTACG
L23	E119_Nanog_0_rev	GCCAGATCACCTGAAGTCTTAAGATC
L24	E120_Nanog_4_rev	ATCCTGTGAGAAGGCAGTAAGGAAG
M1	E121_Nanog_3_rev	GTCAGCTTGACAGACTGTGAAG
M2	P19_Nanog_0_rev	ACTTCTGCATAAGTGATTTCTGAAGCC
M3	E122_Nanog_0_rev	TGGTGAGCTTGGAATTCAGTAAGAATG
M4	E123_Nanog_0_rev	TGCTATACTCATAGATCCTTGCCTTGC
M5	E124_Nanog_0_rev	CCTAGTGAAGACTCCTAGTAATGGGTG
M6	E126_Nanog_0_rev	AAGGCCCTTGACTTCTTGTTCTAATTC
M7	P20_Nanog_0_rev	TCTGAGCTAAATACCACAGAGATAGCC
M8	E130_Nanog_0_rev	TCACACACATATAAATATCCCTGCTGAG
M9	P22_Nanog_0_rev	CCCTAAGCTAAATTCACTAGAATGGCC
M10	E132_Nanog_0_rev	AGGAGAGCAGATGGTAATAGGACAATG
M11	E133_Nanog_0_rev	CTCTCAGGGTTCTGGGTTAGTTAAGAC
M12	E134_Nanog_0_rev	TATTCATCTGAAGGCCACTAGGAGAAG
M13	P23_Nanog_0_rev	ACTTCCACACACACTTGAGTTAAATGC
M14	E136_Nanog_0_rev	CACCACCAGGGATCCTTTAGTAAATAC
M15	P24_Nanog_0_rev	TCCTCTAATGTACTAGAACACAGGGAG
M16	E137_Nanog_0_rev	GAAGAATGAATTCAACCAAATCGCCTG
M17	P25_Nanog_0_rev	GCCTCCTGTCTGTGAACAAATGTATAC
M18	E138_Nanog_0_rev	AATCCAGATGGCCTTGATGTAGAGATG
M19	E139_Nanog_0_rev	TTTGGAAACCTGGAAGAGAAGAGGG