WellPosition	Name	Sequence
A1	E2_Tfcp2l1_0_rev	TATCGTTTCGAGAACAACCACAGAATG
A2	E4_Tfcp2l1_4_rev	ATTGTGTATTCCTGTGTTTGGGTGTG
A3	E5_Tfcp2l1_3_rev	CTTTACCAGTGAGAATAGGAACAACCC
A4	E7_Tfcp2l1_0_rev	ACCGACATGTTGTTCCGAGAAC
A5	E8_Tfcp2l1_0_rev	AACTAAGATCTGCTGCCAATGCTC
A6	E12_Tfcp2l1_0_rev	GCTGTGTAAATTGCCTGTTTAAATTGC
A7	E13_Tfcp2l1_0_rev	GTAGCGATGCTGCCTACAAGGTATAAG
A8	E14_Tfcp2l1_0_rev	CCTCCTTCTCCTTTCCCATGTTAATCC
A9	E15_Tfcp2l1_0_rev	AGAACTTGAGGTCAGAGATGGTGATTC
A10	E16_Tfcp2l1_0_rev	AAGGTCAAGGTAGAAAGAGCCTCTG
A11	E17_Tfcp2l1_0_rev	CACAGATAACATGGATAAGCAAACCGC
A12	E18_Tfcp2l1_0_rev	AGGAATTCAGATGACCATAGAGAATAATG
A13	E19_Tfcp2l1_0_rev	TTTGGTAGCAAAGCCAAATTCCC
A14	E20_Tfcp2l1_0_rev	GATTCTGCATATCAAACTCGTGTCACC
A15	E21_Tfcp2l1_0_rev	GACATGGTACTGGAGAAAGAACTGAAAG
A16	E22_Tfcp2l1_0_rev	CAGACAAATAGACAGATGGACAAGTCAC
A17	E23_Tfcp2l1_0_rev	GCCTTCTTTGTCATCCCAAGTACTG
A18	E24_Tfcp2l1_0_rev	GTGTGATAACGCCGTCAGATCTTC
A19	E25_Tfcp2l1_0_rev	AAAGACCTGCTACACAATTCATTCTCG
A20	E26_Tfcp2l1_0_rev	GAGAAATGATCTGTCTTTGAGTCCACTG
A21	E27_Tfcp2l1_0_rev	AGATCACTCCTTGGAGCAAATTTATTCC
A22	E28_Tfcp2l1_0_rev	ATGTAAGTACACTGTAGCTGTCCTCAG
A23	E29_Tfcp2l1_0_rev	GTGTACAGTTCAAGTCTGCCCTGTATC
A24	E30_Tfcp2l1_0_rev	AGGTAATAGGGAAACTCTAAATGCCTG
B1	E31_Tfcp2l1_0_rev	CAAACCCGGACTTAGAGCTTTCTG
B2	E32_Tfcp2l1_0_rev	GTGGGATGGCGCTGACATAG
B3	E33_Tfcp2l1_0_rev	CAGAACTACTACAACAGGGTGTGC
B4	E34_Tfcp2l1_0_rev	AGAGGTTACTACTGTTTATCCCACGTC
B5	E35_Tfcp2l1_0_rev	TTTGGTATGTATGTGTGTAGGCAAGAC
B6	E36_Tfcp2l1_0_rev	ACACTTTCCTAAGACTCTGAACTCTCC
B7	E38_Tfcp2l1_0_rev	GGAAACAGTGGTGGGATGGAGAC
B8	E39_Tfcp2l1_0_rev	TAGAGCCTTAGCCACAGCAAACATATG
B9	E41_Tfcp2l1_0_rev	AGAAACTGACACAATGCTACTTGCTAC
B10	E42_Tfcp2l1_0_rev	AGTGCTTTGCTAGTGATAAAGTCCCAC
B11	E43_Tfcp2l1_0_rev	TATACTTCATCTTCCTTACACGCAGTC
B12	E44_Tfcp2l1_0_rev	GGCTAAGATCAAGTGCAGATGAGTAAC
B13	E45_Tfcp2l1_0_rev	TTTACAGTTGGCTTCTCAGTTAGGAC
B14	E46_Tfcp2l1_0_rev	GGTTATTCATTCACACATGTGGAGGTC
B15	E47_Tfcp2l1_0_rev	CTGGCATGGGTTTCTCTAGAATGAG
B16	E48_Tfcp2l1_0_rev	GAAAGAAAGAACAAACTGCAGGCATC
B17	E49_Tfcp2l1_0_rev	GCAAAGTCAGTTAAACACACCCAG
B18	E50_Tfcp2l1_0_rev	CAAGAAGTGGGAGTGGGTGG
B19	E51_Tfcp2l1_0_rev	AACAAGAAGCCTGTTATCAGTTCTACC
B20	E52_Tfcp2l1_0_rev	ACTTTCTGGGTTTGTTAAGAGCTTTCG
B21	E53_Tfcp2l1_0_rev	AAGTGGACAAGCAGAAGATGACAGAG
B22	E54_Tfcp2l1_0_rev	GGCATACGTTCTGCTTAATTGAATGAG
B23	E55_Tfcp2l1_0_rev	TGCTTCCAGTTGGCTTGTCAC
B24	E57_Tfcp2l1_0_rev	AAAGCTCAAGGCACAAGTGACAG
C1	E58_Tfcp2l1_0_rev	TACTATTCAAGTACCCGTGACTGTGAC
C2	E59_Tfcp2l1_0_rev	GTAAATGGCTCAGAGGGTAAAGTGC
C3	E60_Tfcp2l1_0_rev	AGCCTGGCAGAAGGAAGTAGATAAG
C4	E61_Tfcp2l1_0_rev	CAGCCCTAGGTAAAGATAAGCTTGTAG
C5	E62_Tfcp2l1_0_rev	CATCCTTCCTCATGCCCTTTGTTGAAC
C6	E63_Tfcp2l1_0_rev	CTATGCGCAGTGACTGTACCATC
C7	E64_Tfcp2l1_0_rev	TTTCCTCCCACTTACTGGTGTATGAAG
C8	E65_Tfcp2l1_0_rev	AAAGGCCATCTCTTTCCACACC
C9	E66_Tfcp2l1_0_rev	CCCAGACTGACTTCAAACTTTCTCTG
C10	E67_Tfcp2l1_0_rev	TGTAGTAGAGTGTGTGTAGTCCTTGTG
C11	E68_Tfcp2l1_0_rev	CCCAGAGCTGCAACTTCACC
C12	E69_Tfcp2l1_0_rev	AAATGTCAAACTTTCAGCTGAGGG
C13	E71_Tfcp2l1_1_rev	CTGAAGTCTGCATCTGGAGGTTTGTAG
C14	E72_Tfcp2l1_0_rev	GCTAAAGTAACATAGAAGGGCCAGATC
C15	E73_Tfcp2l1_0_rev	CCCGATTAATAAGGAGCATCATTCTGG
C16	E74_Tfcp2l1_0_rev	TGTATGCATGTATGAAACCCTCAATAAC
C17	E75_Tfcp2l1_0_rev	GACTTCTCTGTCACAGCTCTATCCC
C18	E76_Tfcp2l1_0_rev	ACACATACACACACACACATCATACAC
C19	E77_Tfcp2l1_0_rev	CTGGGATGGTTTGAGAAATTAGGGATC
C20	E78_Tfcp2l1_0_rev	ACTTCTCTTCTCTGGCATTCTCACTAG
C21	E79_Tfcp2l1_0_rev	GAGTCAGTGATTAATCAGCCAGTCAG
C22	E80_Tfcp2l1_0_rev	TTGAGAGAGTCTGTCTATGTTACCCTG
C23	E82_Tfcp2l1_0_rev	ATTCAGAATCGAACAAAGCATGAGCAC
C24	E83_Tfcp2l1_0_rev	GGAGGTATCCAGAGTTTCAATACAAGG
D1	E84_Tfcp2l1_0_rev	CTCAGGTCTGGTCTTTCTACTCTCTCC
D2	E85_Tfcp2l1_0_rev	TCAAAGTACAATTGCCCTGAGTACATG
D3	E86_Tfcp2l1_0_rev	GAAAGAGGTGAATTCTGACACTCAGC
D4	E87_Tfcp2l1_0_rev	TTTCTGAGCCAAGCAGGATGATC
D5	E88_Tfcp2l1_0_rev	GTCACAGTAGAATCTAGGGCTAGACTG
D6	E89_Tfcp2l1_0_rev	CTTCTGAGTAGGGTGAGGAAATTTCAC
D7	E90_Tfcp2l1_0_rev	GGGAAGAATCTTGCAGTACTAAGCTTG
D8	E91_Tfcp2l1_0_rev	GTTTCTCCCGGCCGTTTGCTAATAG
D9	E92_Tfcp2l1_0_rev	ACATACACACCATCTCTTCTCTCTCTC
D10	E93_Tfcp2l1_0_rev	GTGTGTGTGTGTGTGTGTAGACATG
D11	E94_Tfcp2l1_0_rev	GTGATCTGAGTACTCCTGGTCACATAG
D12	E95_Tfcp2l1_0_rev	TGAAGGAGACAGAACAAGCAAACAAG
D13	E96_Tfcp2l1_0_rev	TGAAGAGGCGATTAGGATTTCTGTTTC
D14	E97_Tfcp2l1_0_rev	GAAAGTTGTTCTCTAGAGCTGAGTGAC
D15	E98_Tfcp2l1_0_rev	CTGTCAGTGAACCCAGCTCTG
D16	E99_Tfcp2l1_2_rev	CTCCTGCCAGGAAGATAAGGGATG
D17	E100_Tfcp2l1_0_rev	TGATTATTTCCAACCTGCTCACTATGC
D18	E101_Tfcp2l1_0_rev	CTTCAGAAGCCAGGCTGTTGAATC
D19	E102_Tfcp2l1_0_rev	CCTCCTGAAGGTACAAAGTGCAGTC
D20	E103_Tfcp2l1_0_rev	GAAGCATGTGTATGAGGTCATGTGATC
D21	E104_Tfcp2l1_0_rev	GAGTACCACAGGCAACCTCAGC
D22	E105_Tfcp2l1_0_rev	GAAGTCAGTTCTCTTCTGCCATGTG
D23	E106_Tfcp2l1_0_rev	TTTCGGGACTTGGGTTTAAATAGAACG
D24	E107_Tfcp2l1_0_rev	ACAAATATGCATCTCTACTGTCCGAGG
E1	E108_Tfcp2l1_0_rev	GAAGCTTCGATTCGTGGCCATAAAC
E2	E109_Tfcp2l1_0_rev	AGTGGTATTTACTGTTTGACAAATGGG
E3	E110_Tfcp2l1_0_rev	AGTACGTTCTTTGCAAGTGTCTGTATG
E4	E111_Tfcp2l1_0_rev	GAAATCCTGCAGGTCTGTCAGC
E5	E113_Tfcp2l1_0_rev	TCTACCAGACCCTTCTTCTTCCCATC
E6	E115_Tfcp2l1_0_rev	GAAATAGCTAAGAGGCTGGTGAAGGG
E7	E116_Tfcp2l1_0_rev	GAAGAGACGGTTTATTTCAGCTCAGAG
E8	E117_Tfcp2l1_0_rev	CTGCCACACACACACAATTGCAATTC
E9	E118_Tfcp2l1_0_rev	CTGTGTTGCCGTTATGTAAGATGTTAAC
E10	E119_Tfcp2l1_0_rev	TGAAATGTCCAGTGTGCCATCTTTC
E11	E120_Tfcp2l1_0_rev	AAGTGGAGAGTGAACAAGGAAGACATG
E12	E121_Tfcp2l1_0_rev	CTCTAGACCATGGGAGCTGAGG
E13	E122_Tfcp2l1_0_rev	CCAAAGTCTCCTAACATCAACCACTG
E14	E123_Tfcp2l1_0_rev	GACAGTGTGTGCTGAATCCATCTC
E15	E124_Tfcp2l1_0_rev	CAGGGTGTGGCCAGGATGATG
E16	E125_Tfcp2l1_0_rev	CAAAGGCTCCTGTGTTTGAATACCTAG
E17	E126_Tfcp2l1_0_rev	TGAAGTCTTTCTATCACATTGGCTGTG
E18	E127_Tfcp2l1_0_rev	GACTGTAGTCAAGAGAAAGGGTCAGAG
E19	E128_Tfcp2l1_0_rev	CTAGAGCTCCCAGACTTCTAGTGTTAG
E20	E129_Tfcp2l1_0_rev	AATGTGATTTCAGGTAATATGGGTGGG
E21	E130_Tfcp2l1_0_rev	CAGTTACCCTTGGACTCCAGAAGG
E22	E131_Tfcp2l1_0_rev	CATCTGACTTAGCATCACCTTTCACC
E23	E132_Tfcp2l1_0_rev	GAGCTTCCTTTAATGCTCTTATTTGGG
E24	E133_Tfcp2l1_0_rev	GTTCACACCTCATGATAGTGTTCACTG
F1	E134_Tfcp2l1_0_rev	GACGTAAACATGGGCCAAACC
F2	E135_Tfcp2l1_0_rev	GTTCACACAAGCATACGCACACATAC
F3	E137_Tfcp2l1_0_rev	CACACACACACGAGTCAGCTATC
F4	E138_Tfcp2l1_0_rev	CTGTTGAGGTTCAGCAGCTTAGAG
F5	E139_Tfcp2l1_0_rev	CTCTGACTTCTGCCGCATATTAAACAC
F6	E140_Tfcp2l1_0_rev	AAACACCCACGATGACCAAAGATC
F7	E141_Tfcp2l1_0_rev	TAATCGTCCCGGGTCAGGAAATC
F8	E142_Tfcp2l1_0_rev	GATATGCCCACAATTCTCTGCAGATC
F9	E143_Tfcp2l1_0_rev	CTCTCTTCTGGTCCATACACATGCATG
F10	E144_Tfcp2l1_0_rev	CCTCAGAGTCTCAGATTTATCCACATTTC
F11	E145_Tfcp2l1_0_rev	GACACACAGACACACACTCCATTTAG
F12	E146_Tfcp2l1_0_rev	TTACTATCAGACCTAAGCGTATGAGTTC
F13	E147_Tfcp2l1_0_rev	CAAATTGCCTGTCCAAAGAACCCTAAG
F14	E148_Tfcp2l1_0_rev	CTCCTGCTTCACGAATGAGTGGATAG
F15	E149_Tfcp2l1_0_rev	TTCACAGGAGAGGGAGTTAATGACAAG
F16	E150_Tfcp2l1_0_rev	CAGAAAGACTCTTTCAACGGCTGG
F17	E151_Tfcp2l1_0_rev	GCACAATCGTGTATGCTTCTTTGATTC
F18	E152_Tfcp2l1_0_rev	AACATATACAAACCATCACAGGGACAC
F19	E153_Tfcp2l1_0_rev	AGCTGCTAATCCTAGAGTCAACAGTC
F20	E154_Tfcp2l1_0_rev	AACATTGTTGAGACTGTGATAGACTGG
F21	E155_Tfcp2l1_0_rev	AAAGCTGAGAAGAACACTGTCCC
F22	E156_Tfcp2l1_0_rev	TCCACAGAAAGAGCAGGCTAGG
F23	E157_Tfcp2l1_0_rev	GTGGCAAGTACAAGGGAAACAGG
F24	E158_Tfcp2l1_0_rev	GATAAGCCATGAACTTAGGGAGGAAAC
G1	E159_Tfcp2l1_0_rev	TTTAGGAGCCTGTGGACCTCG
G2	E160_Tfcp2l1_0_rev	AAGCTCACACAACACTTTAGATACAGC
G3	E161_Tfcp2l1_0_rev	AAATATGTGGAAGGGAACAGGATGGG
G4	E162_Tfcp2l1_0_rev	ACAGTACAGTACATACCTCTCCAAACAG
G5	E164_Tfcp2l1_0_rev	AAGGGAAAGGAATGTCTTGGGATTCAC
G6	E165_Tfcp2l1_0_rev	CTTCAGCTAAAGCAGGGAGTTTCTG
G7	E166_Tfcp2l1_0_rev	GGTAGCTGAAATCTCCTGGAAATGATTC
G8	E167_Tfcp2l1_0_rev	CAGTATCACCTTGTATAGCACCTTTGG
G9	E168_Tfcp2l1_0_rev	CACCTCCTGAATGCTGGAATCAC
G10	E170_Tfcp2l1_0_rev	GACACAGGACAGGAACAGCAAAGAATG
G11	E172_Tfcp2l1_0_rev	CATAACCGGCTGCAACTATCCTAAC
G12	E173_Tfcp2l1_0_rev	TTTACGGATAGCCCAGATCCTTCC
G13	E174_Tfcp2l1_0_rev	TGTTCAGGGTTTCGTGGGACTC
G14	E175_Tfcp2l1_0_rev	AACTCAGGACTTCATGCACATTCG
G15	E176_Tfcp2l1_0_rev	TGCTATGGCATGTCTTTGGAGTG
G16	E177_Tfcp2l1_8_rev	CATGATAACGCCCGTCTAGATAATTCG
G17	E178_Tfcp2l1_0_rev	ACCTTCAGTGACCCACTTCTTCC
G18	E179_Tfcp2l1_0_rev	TGTATTTCCAGCGTTATGTGTCCTTTC
G19	E180_Tfcp2l1_0_rev	AATAAAGGTCACTTCTCTTGCTTCGTC
G20	E181_Tfcp2l1_0_rev	CTGAAACAGTGAGAGACCCTACCTC
G21	E183_Tfcp2l1_0_rev	TTGATGTGTATGTGTTTGTCTGTGTGG
G22	E184_Tfcp2l1_0_rev	TGCTTGTTTGGAGAGTAATGTTCTCAG
G23	E185_Tfcp2l1_0_rev	CTGGTTGTTCTAACCTGGTTGTGG
G24	E186_Tfcp2l1_0_rev	TGCCTCTTCTGTTGGGATTATAGAGAG
H1	E187_Tfcp2l1_0_rev	TCTGTGCTGTGGTTAGAGTGTCAAATG
H2	E188_Tfcp2l1_0_rev	CGGGCTTAGACACAACTCTTGAAAG
H3	E189_Tfcp2l1_0_rev	TGGTAGATTCTAAACCCTCCAGAACTG
H4	E190_Tfcp2l1_0_rev	CTGGATCCATGTGTCCTTTACTTGG
H5	E191_Tfcp2l1_0_rev	ATGTCGTGAGGAGTCATTCTAGTACTC
H6	E192_Tfcp2l1_0_rev	TTTCTCCTTCTTCCTCCTCTGTGTC
H7	E193_Tfcp2l1_0_rev	GAATTGGTGCGGCTTCACATGATTG
H8	E194_Tfcp2l1_0_rev	TGCTTGTTGAAACTGCTTCATTTGTTG
H9	E195_Tfcp2l1_0_rev	GTTATCTTGGCTACAGATTGGAGTGTC
H10	E196_Tfcp2l1_0_rev	GTCATAGTTCAGTGGCCAAGTATGTG
H11	E197_Tfcp2l1_0_rev	TTTCAAATTAACACCTATAGCCTTTACTAAACAGC
H12	E198_Tfcp2l1_0_rev	GAAGTCAGCCTGAATCTCACCTTC
H13	E199_Tfcp2l1_0_rev	TGAGTAGTCACTATCAAAGCATATTTCAG
H14	E200_Tfcp2l1_0_rev	AGTACTTGTACTATGTCATTTGCTAGAGTC
H15	E201_Tfcp2l1_0_rev	AAGCCACAAATTTAGCAATTGTACCAC
H16	E202_Tfcp2l1_0_rev	TTTAGTCTCTCTTCATTGGAATGTGTC
H17	E203_Tfcp2l1_0_rev	AAACTAAAGTCTTTGACAGCATAGGCC
H18	E204_Tfcp2l1_0_rev	AAAGAGAGCTCATGGATCCATACACC
H19	E205_Tfcp2l1_0_rev	TATCCCAACACTCTTATTTCCTGGGTC
H20	E206_Tfcp2l1_0_rev	GGATCTCCTTTGCCCATGTTTAGTTG
H21	E207_Tfcp2l1_0_rev	CGTGCCCAATCAATGTCTATAGGTTG
H22	E208_Tfcp2l1_0_rev	CACAGTAGAATCTCCTGGGTGATAGG
H23	E209_Tfcp2l1_0_rev	TATTCAATCGAGGCTGGCTTACAATTC
H24	E210_Tfcp2l1_0_rev	GAGAGAAGGGAAGACAGAGAGAGAAG
I1	E211_Tfcp2l1_0_rev	TAGTAGCTGGAAAGAGTAAGATAGGGC
I2	E212_Tfcp2l1_0_rev	AGCAATGAGAAACCCTGTACCAAAC
I3	E213_Tfcp2l1_0_rev	TGCGGAAGTTTCTTCAGCTCAG
I4	E214_Tfcp2l1_0_rev	ATCTACCTCTAGAGCGCTGCAG
I5	E215_Tfcp2l1_0_rev	TGTTCGAAGGTAGAGTCGCTAGTAC
I6	E216_Tfcp2l1_0_rev	CCAACACAACGGTAAGAATATTACCACC
I7	E217_Tfcp2l1_0_rev	CTGTTGCACTCCTGTTCTGTATTGTAG
I8	E219_Tfcp2l1_0_rev	CCACAGTCTTAGCTAATTTGCACTCTC
I9	E220_Tfcp2l1_0_rev	TGTCCTGGAACTCATTTGTAGACCAG
I10	E221_Tfcp2l1_0_rev	GTCTGTTCTCCTGAATCTGTTTGGCAG
I11	E222_Tfcp2l1_0_rev	TATTGAGTCATTTCCTGGGCTCTTGAG
I12	E223_Tfcp2l1_0_rev	GGTAGATAAGATTGCTGGTGAACTGTC
I13	E224_Tfcp2l1_0_rev	CTAAAGTTGCTTGTGTCTCTCTAGGAG
I14	E225_Tfcp2l1_0_rev	TCTCATGTGGCTATCTATAAATGCTCTC
I15	E226_Tfcp2l1_0_rev	GCATTCATACACAAGCTAGTAGACACG
I16	E227_Tfcp2l1_0_rev	ACAACATTTATATTAAGAGGAGAGTCTACAC
I17	E228_Tfcp2l1_0_rev	TATTTCATGAATCAGCATCCCATGAGC
I18	E230_Tfcp2l1_0_rev	CAGGTGGAGAGTTTAGAAGCTCAAAC
I19	E231_Tfcp2l1_0_rev	GAGAAGCAAGGACTCACTGATCATG
I20	E232_Tfcp2l1_0_rev	TAGAACATATCAACCCAACGCTAAAGG
I21	E234_Tfcp2l1_0_rev	GCAAGCATTTACTGACTAAGCTGTCTC
I22	E235_Tfcp2l1_0_rev	AGGAATCCCAGCACTCATAAAGTAGAG
I23	E237_Tfcp2l1_0_rev	AATAAATGCACCTTATAAATGGAGTTTGCC
I24	E238_Tfcp2l1_0_rev	CTTCTCAAGTGCTTAGATTGGAGGC
J1	E240_Tfcp2l1_0_rev	TGTGTTGTTTCTCAGATGCTTTCCAC
J2	E241_Tfcp2l1_0_rev	AGGAACTTTGGAACTAACAATCTGCC
J3	E242_Tfcp2l1_0_rev	ATGATTAGAGAAACAACAGCCCAACTC
J4	E243_Tfcp2l1_0_rev	CTGTCTCTATCTCTCTGCATCTCTGTC
J5	E244_Tfcp2l1_0_rev	TCCTGACATACTGCCCTCATCAAG
J6	E245_Tfcp2l1_0_rev	GAAGTTTCCAGATTGTATTCACGGGAG
J7	E246_Tfcp2l1_0_rev	ATGTGAAAGGAGTAACCGAAGATCCTG
J8	E247_Tfcp2l1_0_rev	CCTCTTCTGGAGTGACTGAAGACAG
J9	E249_Tfcp2l1_0_rev	CCAAAGTCACATTATAGGACAGGCC
J10	E250_Tfcp2l1_0_rev	GAGAACAACTCAGTCAGCTGCAG
J11	E251_Tfcp2l1_0_rev	AAATACTGTGTCAAGCAAGATAAAGGCG
J12	E252_Tfcp2l1_0_rev	CCAGGTTATTAAGAGACTTTGGCCAAG
J13	E253_Tfcp2l1_0_rev	TAGAACTGTTGTTGCAGATGTGTGTTG
J14	E254_Tfcp2l1_0_rev	GTTGCCAAACCAAGCCCATTTATTTAC
J15	E255_Tfcp2l1_0_rev	AAAGCAGGCCACTCTATAACTGG
J16	E256_Tfcp2l1_0_rev	CAGTTGCAGAGATCCAACACCC
J17	E257_Tfcp2l1_0_rev	TTCATTGGAAAGAGGTGAATTCCTGAC
J18	E259_Tfcp2l1_0_rev	AAATCAAAGGTTAGACACTAGCCATCC
J19	E260_Tfcp2l1_0_rev	TAGATTTGGATACCTCTAGGCAGCAAC
J20	E261_Tfcp2l1_0_rev	ATAAATGAGACATGGCAGGAGGTGTC
J21	E262_Tfcp2l1_0_rev	AACTTATAGAATAGTTATCAGTGGTATGGAAG
J22	E263_Tfcp2l1_0_rev	CTCTCAGGACTCTCAAATGACACAGTC
J23	E264_Tfcp2l1_0_rev	TTCCTGGGCCTGGTTTATTAATTAGAC
J24	E265_Tfcp2l1_0_rev	CAGCCAGTGGTTCAGGATCTG
K1	E266_Tfcp2l1_0_rev	AACTGCTACTGTCTCTGTCTCTCACTG
K2	E267_Tfcp2l1_0_rev	TTCATTATCATCATGGTGAGAAGCATGG
K3	E268_Tfcp2l1_0_rev	CATGTCAAGCACTGTCTCCACTGAG
K4	E269_Tfcp2l1_0_rev	GACACACACCCAAAGATCACATAGG
K5	E270_Tfcp2l1_0_rev	TTTAGAGCCAGCCCATCTCCTAAG
K6	E271_Tfcp2l1_0_rev	GCTTCCTCCACTTGTAGTGCAG
K7	E272_Tfcp2l1_0_rev	CTTGCTGGTTCTTCCTGGATACTTTAG
K8	E273_Tfcp2l1_0_rev	TGGCTTACAGGTTCAGAAATTTAGTCC
K9	E274_Tfcp2l1_0_rev	GATTCTGCCTCACTGACCACTCTC
K10	E275_Tfcp2l1_0_rev	TGCTATAGAGAGAAGTCAGCAGTCTTC
K11	E277_Tfcp2l1_0_rev	ATCAAATAAATGCCATTGGTCCCTCAG
K12	E278_Tfcp2l1_0_rev	GATGCTACTATGTTAACGAACCTCACG
K13	E279_Tfcp2l1_0_rev	ACTTGAATGTTCCCTCTCCCTCC
K14	E280_Tfcp2l1_0_rev	AACCTCTCAAAGCTCCCTCATCAATC
K15	E281_Tfcp2l1_0_rev	ATTAAGTGATAGGTTAACAAGTGGCCG
K16	E282_Tfcp2l1_0_rev	AAAGCTTTCCAAGGGCCATATTGATC
K17	E283_Tfcp2l1_0_rev	TGTGGTGTTTATCACAGAAACAGACAC
K18	E284_Tfcp2l1_0_rev	CACAAGAAGACAGCATGAGGGATTG
K19	E285_Tfcp2l1_0_rev	TAAATTGTCCGGGACAGAAATGAAGAC
K20	E286_Tfcp2l1_0_rev	CTCCTGTTCTCCCTCCTGATCTTATG
K21	E287_Tfcp2l1_0_rev	CTTGTCATTCTGAACTCAGGTGAGAC
K22	E288_Tfcp2l1_0_rev	CAGAGTGGAATTTGGATGCTGCTAAG
K23	E289_Tfcp2l1_0_rev	CCTGTGGACTCACTCAGTTCTAAATTG
K24	E290_Tfcp2l1_0_rev	TGGCACATACTTGTATGGTTACAACAC
L1	E291_Tfcp2l1_0_rev	ATCTGGAGAAAGTGGGAGCTATGAAAG
L2	E292_Tfcp2l1_0_rev	TGGTACTTCGCTGAACACATCTATTTC
L3	E293_Tfcp2l1_0_rev	CAATTTGCAGCAAGACCCGTTTC
L4	E294_Tfcp2l1_0_rev	ACCAGCAGAGAGAAGCAAATGAAC
L5	E295_Tfcp2l1_0_rev	GACTGATTGATGACATCCTGGCTG
L6	E296_Tfcp2l1_0_rev	CTCCCATTACTGATACTAAGCACCATG
L7	E297_Tfcp2l1_0_rev	TTTACCGATCTCTGACTGTTAACCGTG
L8	E298_Tfcp2l1_0_rev	TTCAGACCAAGCTAAGCAAGACTTCAG
L9	E299_Tfcp2l1_0_rev	TTGCAAAGTAGTGAAGAACAAGGTACTC
L10	E300_Tfcp2l1_0_rev	CTGATTTATGAACTAGACCACTGGCAC
L11	E301_Tfcp2l1_0_rev	GGGAAACCGTTCTCTTTAAGGTCTC
L12	E302_Tfcp2l1_0_rev	TCCCACCCTCTCATTAATTAGTTCTCTG
L13	E303_Tfcp2l1_0_rev	TTTAATTCTGGTCCCACTGATAATGCC
L14	E304_Tfcp2l1_0_rev	CAAGTGGAGGAGGTATTTGATGGAAC
L15	E305_Tfcp2l1_8_rev	AGGGAAGAAGGAATGAAGGAAGGAAG
L16	P3_Tfcp2l1_0_rev	TGCTCTATACCTAATATAAGCAGACTGGAG
L17	P6_Tfcp2l1_0_rev	ATTCAGAAAGTGCACTCGGTGATC
L18	P7_Tfcp2l1_0_rev	GAGAACCCGAACAAGTCAATCCAC
L19	P8_Tfcp2l1_0_rev	CTGTCCTGAAACTTGCTCTGTAGAC
L20	P9_Tfcp2l1_0_rev	AACTTCCTTTGATTGTCGAGGTGTTTG
L21	P10_Tfcp2l1_0_rev	AGTTCTATTATTCACTACTGTTGCGGC
L22	P11_Tfcp2l1_0_rev	TTTAAGCAGCACCCACTCGAAC
L23	P12_Tfcp2l1_0_rev	CAGACCTGCTCCCGCTATCC
L24	P13_Tfcp2l1_0_rev	ATAGTCCCAGCTCTTCTCCTCCAG
M1	P14_Tfcp2l1_0_rev	TCATAGAACATGCAATCTTAACTGCGG
M2	P15_Tfcp2l1_0_rev	TGAGAATTGAATGAACGTCTTCTGTGG
M3	P16_Tfcp2l1_0_rev	GTTCTGCTTTCTCCACTGTACCATG
M4	P17_Tfcp2l1_0_rev	GTGTCGGTGCCATTTATCCATCG
M5	P18_Tfcp2l1_0_rev	AAAGCTGCTTATCACCTTCCACACTAG
M6	P19_Tfcp2l1_0_rev	GTGAGCTGGCCGAGACCTTC
M7	P20_Tfcp2l1_0_rev	ATTCATGTTTCTACCAAGCAGACAGTC
M8	P21_Tfcp2l1_0_rev	CTTTCCCTGACCCATACATATACGCAC
M9	P22_Tfcp2l1_0_rev	TACCCTCTATTAGCACTTAGTTGGGAC
M10	P23_Tfcp2l1_0_rev	GAGTCATTTCAGTGTAACCTTTCCCAG
M11	P24_Tfcp2l1_0_rev	CAATTCTTGCTGGTCTCACAAGGTC
M12	P25_Tfcp2l1_0_rev	TGCTGGTGTACGAACTTTATCATATATCAAAG
M13	P26_Tfcp2l1_0_rev	GAGCTGGAAGGGAGGAGAGAG
M14	P27_Tfcp2l1_0_rev	CCTCTGCATCAGCCCTTCAAATG
M15	P28_Tfcp2l1_0_rev	CCATAGGTAAACAAGAGAGCAATCTGC
M16	P29_Tfcp2l1_0_rev	AATCATACTGATTTCTGCTCTCCTCCC
M17	P30_Tfcp2l1_0_rev	GATGTCCTGGAACTCACTTTGTAGAC
M18	P31_Tfcp2l1_0_rev	TCTGTTCTCCCTCTACTAGCTGGTTC
M19	P32_Tfcp2l1_0_rev	AAGCTGTATGAGGATGAATGGAGAGTG
M20	P33_Tfcp2l1_0_rev	AGATTTGAACCCATGTTGTTATGCTTG
